Title,SubTitle,Rating,ItemPrice,TrendingPrice,ItemLink
, Brand New,4.5 out of 5 stars.,$279.99,$299.99,https://www.ebay.com/itm/233623697148?epid=5038105069&hash=item36650eb6fc:g:-O8AAOSwZxdjQjJD&amdata=enc%3AAQAHAAAA4JMnWtNn25n7Xa84Cvety8sXwoij%2F67JqZKpdgiCRv%2BbInPNMueJTzBDpCLZYN4NH0X1UP7hULqYLnsnnJk0owHSj%2B0N9McTLF1D2PTitacgHN4uSZ1DISyTpCaYCvHdliZpCAdeYhtxT9KIDBUqbOoLhYAckmWEvhSOs8I7W9iLT8N99xObL47sb4Zd25BKfIzjmdqxtoCIPqnw%2FspJFvR62qXk1YMeoFUAmUJ5uvLDlaXI%2FFUoG7PIwjmCYThWUh98anWlGOXq%2BawWVCBKDSRbchDHAarMCsVxPAWqTAT%2F%7Ctkp%3ABFBM5NGX57dh
, Brand New,,$129.99,$179.99,https://www.ebay.com/itm/223541516720?hash=item340c1cd9b0:g:Q7sAAOSw631jT6rL&amdata=enc%3AAQAHAAAA4K1kLu4y1qiX7jidIHnBbAqRH1bSWxblSYnkpdRzZwkHPYd9dCU1z1bJHGN741BCgj%2Bybz9lIop095l95wOUkfItXZNQRifojFuTJVc9XCxzO0c6UEQC1B2yMfM0iHoYFz91TXZSOgMPprsKsRDRzjgqJvQJVkscQeIznj0%2FYUQgxcks9DDgXyxzYfmKrNtxjBUdkbIW7BLLM%2BksVVLwjgX9MlvyIRbcs8c7XuF4o2RhWmsAkSdww4%2BMMwYm%2F9xzOk1gEfW%2B6b2SZlMKerY07w3X8W3Z4YPKiZV4MoumQ1YP%7Ctkp%3ABFBM5NGX57dh
, Brand New,,$269.99,$349.99,https://www.ebay.com/itm/313533050180?epid=2319735223&hash=item490006ad44:g:tB4AAOSwxyxgme~F&amdata=enc%3AAQAHAAAA4Hqyk01e4qAXvWzZsBVoErAXe5Ak244n0zi9CPWo%2FvMwzc%2FuVB6uPTOjFBejJrN1WqJztuL%2Fkhb4GdM%2BP6Y%2B1ZNHxHSU7mp%2BQBaCJ9bMiGAtVijebeBB0nE7cKFjZGw%2F7sOXV6WxtjfuwQQUFJyVlUObL3RKFrFhTBwboBZ5otWj%2B2qz%2Fe69zJMMwuZ9wxCy99W%2B3ElPxts%2BA3uqpAl%2BDBvTlFCyusTRmBSoTi4m9aO8%2FvvTA2zY55R2NXuah4c9hlUhZTueX5qImp0RBHML7eKpou7o%2F3ZvXFtEENEvGnzx%7Ctkp%3ABFBM5NGX57dh
, Pre-Owned,,,,https://www.ebay.com/itm/144904236488?hash=item21bcf72dc8:g:waoAAOSwASVjxfLF&amdata=enc%3AAQAHAAAAoJo72Uk%2FLdmF3WMyd6fHw4an5ygXt9x8XhJz7MxYucR4ecLMUcc7Ycrg3xbPkube1tO6BmEn%2Fn43Hs8g6KR5wWdqn7tP2QEp%2BNxYmqmJTZVb3GIZfvcmMjMKVDSiUHkpK7nY8pjBiWF4AtDjxvUaO%2BA1HNHD%2B8K8o6X0k3uei9UfvXjmKjn52hOqcw53KacsCNcTksmBvfwBUxNCNYny%2FN0%3D%7Ctkp%3ABk9SR-TRl-e3YQ
, Brand New,4.5 out of 5 stars.,$249.95,,https://www.ebay.com/itm/285042162237?epid=28034986813&hash=item425dd63a3d:g:beAAAOSw8G5jw07j&amdata=enc%3AAQAHAAAA4Ab%2FnDdnJX2OhpI78z0%2F8q5kqaxN%2BVo0ngQu3Csfq80Q419j0m24DbC8NU8wleqlMKl3IWvgY2lRP81l7h4nZ9m%2BjGR936jOyAcsJXTYlwRchjJ%2BkC3O7TkLFN%2FS98f2snwMe%2FGjA7dvzv3L25dOJVMDNEdUMo%2Fmkna6wMg8DzIQlfhW1e7kTM7Ct6UHR34nCAY4ujW95ZDO50NGSwoCJC5r7LJfZ%2FUBpQxVR8SYiefeoEPgNU49RUwlgI6OcJz8he5QcwbGKG%2BGse91hofczPIiVnSV5s3EA4epPlZFklCg%7Ctkp%3ABk9SR-TRl-e3YQ
, Pre-Owned,,$222.22,,https://www.ebay.com/itm/295256991068?hash=item44beb0255c:g:3DgAAOSw75xjSerp&amdata=enc%3AAQAHAAAA4BjXbgtCY%2Bc6ZZPGFqqRufzL2hkDyJSKy6roUKY9R3%2BtGlUPej%2BRzgVkuv8vkAZiNahY0ErQTl4649X5ZfgKY9z90DhGFyHiEz6xSI2Bzy408vkZ6JO93%2BqbU4ayFQAvMQFP78IsWS74FKDjQ7R6AHE0riBhCntyD78GgXbumq99%2BfWUneqn0b1Hxw%2Fc7CE%2BeyVkPUIrD3TvHQ9%2BsRwqVLcJreATMeKjIzAbVuH5OaYtUNSa5FOoeh839GFJKJDOk9blyrSvxGn4Dw4IvT2JuknG%2B3zZnqEcE9YkRKKaCsVt%7Ctkp%3ABk9SR-TRl-e3YQ
, Open Box,,$200.00,,https://www.ebay.com/itm/234858690239?hash=item36aeab36bf:g:LfgAAOSwonNjwYk1&amdata=enc%3AAQAHAAAAoOokZFftpII4MV3QAagrmsslQewNhvadvrpfBy%2B3ZKDmidljW%2FifcFcQtKhJF%2FaKnVE9bCDxNAtJS4JuyjD5JFj%2BoIirnYIUbxOOkB0eY%2By%2FHrnmiAsmBsyLm6%2Fzx1X6vVC458glguGjIhaiKL3mI0LD%2BL8J90xLIMUnJt5d%2BCQq3MVMZWP1cTh70iwW2SGpNP%2FwKTtPP157u6LQvunhpwY%3D%7Ctkp%3ABk9SR-bRl-e3YQ
, Brand New,4.5 out of 5 stars.,$749.99,$899.99,https://www.ebay.com/itm/233185136983?epid=16027561172&hash=item364aead157:g:xqAAAOSw5eBcoaoK&amdata=enc%3AAQAHAAAA4NOlj%2BmKWLlr83SMeSESKYf6c5wf%2FalVWOiYTqJzWIn%2B2uAO3wRij5tGy0tDcokiovhkUXiffaWQOWG8zc2RSnI%2F2VZaRyeqMhzZM8z%2BwW9wcrSj0P2109MA0noGC4ZT8C5w3FK%2FVS0LenoQtujA69glbODr7QKEikwiVxNruTHo%2F4yUiXK%2F30%2BXfbA4d0GwNUWzazFRmQtvMTGUgYtoAUBLBAyCvdOt%2FQjXrkAIzvqQLXctMHIsKLDZPCmIDCq2kWpe5D2%2FRwExFo14Mgz68PGJDBD2Qd9O%2BDSzF4I2Yf%2Fb%7Ctkp%3ABk9SR-bRl-e3YQ
, Brand New,4.5 out of 5 stars.,$56.00,,https://www.ebay.com/itm/125720527219?epid=18041884280&hash=item1d45870173:g:ue4AAOSwZwRjwXs-&amdata=enc%3AAQAHAAAAoF0%2FOuv1U136mpXhTr5PIx%2Bu3qMF8GGX4OQNE7wia0sY8H4t0LllI58Eb1LIfA1od8fS%2BtAiVWWijbBINve1ZKlNWFPrAAzQcMvqTP28gglfEzRGTIsf3RURWA61KNgkDDxSXWRxNz9r89J%2FZ6PzzztaLsLMp8pr%2ByXdkZebDe8iJ9nWBdEaUKC9Yuh%2FK25pJpoCwRPFsM14coebYTQdWSI%3D%7Ctkp%3ABk9SR-bRl-e3YQ
, Brand New,5.0 out of 5 stars.,$319.99,$499.99,https://www.ebay.com/itm/374346213957?epid=19034409801&hash=item5728c5ea45:g:ZwEAAOSwfVZjxU23&amdata=enc%3AAQAHAAAAoJF1d7XMApmN%2B8U%2BQJ0khzYN7NTkWrhN2xhCLdkJLcE88jDDiyLFhTB9IYKdAiMWzofxTQ4j9R916vyAK2FGdqjPGG1CPGwFg4VhiNHfE3ZbMavEBjBSG25BGkn0wHA%2BqJdZ7ZWbDtgmJHgznt4C4TSiXyO%2BIiqbf8fReKZp6DiccVyq2g5LkIorGTsNlXbp3bfyoL9oG02mFAsEgnkixGM%3D%7Ctkp%3ABk9SR-bRl-e3YQ
, Open Box,,$268.00,,https://www.ebay.com/itm/385348158065?hash=item59b88a4271:g:3CwAAOSwPTtjwBT1&amdata=enc%3AAQAHAAAAoLmaxlaBDs0mdt6ijKz3HKA7Fjohvzkry8kteoDusBcmv6EYVM0S2MzaDQonIY6q3%2BTJHcU9pbCi%2BDEHqdjZMAwvGWUr1DZGk1VkvFamLNo5go3DZPFgZUCQ%2BvQYlUYb8XAKZdJquNk8UYnamOEPeoeVrd%2BVfNcHurumZC7RuJDZh%2Bmh0kqk6vryfejtNVOp%2BesnEhuhGeru%2BifzoRRwrbY%3D%7Ctkp%3ABk9SR-bRl-e3YQ
, Pre-Owned,5.0 out of 5 stars.,$349.99,,https://www.ebay.com/itm/155145959561?epid=9031281405&hash=item241f6b7889:g:iK0AAOSwcapjEsp1&amdata=enc%3AAQAHAAAAoCaqjFBYEQsseBoO510lYU%2BFg7U78FQtj%2FL6fmg3X2DS%2Bida%2F5vhlEkptFmXpScAHw0ABr%2BrqwXM%2F3Jycz0KsvXFnX0V9FxWa4Ah%2FjgIE5nKPHGxn5hKEWQXgXF%2FE4Lq95GUK9DF2mIEQ0LscCRe0siQZxyFPGHA5ryn2xbKhpBRv1Sq4Pj5sXDarw48Q2Wzm%2BmpzKNceHVGBvKMoGc7vrc%3D%7Ctkp%3ABk9SR-bRl-e3YQ
, Open Box,5.0 out of 5 stars.,$157.99,$219.99,https://www.ebay.com/itm/234588900434?epid=27040286022&hash=item369e968c52:g:GV0AAOSwF45iYNRv&amdata=enc%3AAQAHAAAA4Ha4i4bucxYiXJrB6c7mAl27WNa2NsfhL5sEFPINFXAa6t36ZcZ4VJjVlF%2F8hPOKkyjVUD18S65sbw5nVONK7WfgHUtDASFGpTWox9r36I4F%2FSlm8LG4UoGZrxzH5PGK215qjA0EHeWSFMPcd2y2cZ%2FDMoAjwQulw5ICazZPBhcvl2Y1S5u%2F5qyEdqbnjY9KYXCelFdUjdruGKmd8eXU%2F6s1u5pRdgb6bzEignRgXc0jam%2BpGmECycLHJASPLMhZVet2EOOQpR9XFIiP9JSpuFkOG5xFdPNsMGKS3dwinbfs%7Ctkp%3ABk9SR-bRl-e3YQ
, Open Box,5.0 out of 5 stars.,$145.03,,https://www.ebay.com/itm/403793409183?epid=224719905&hash=item5e03f6749f:g:T5oAAOSwhspcP87b&amdata=enc%3AAQAHAAAA4G3mBqVa25Inz2x9WvnKXjJVnQdzb50b5k8iXktIlKdbSyI5m78yeCFvWg5tubKK2l9%2B0A%2BSfz2EvEO%2BM3gWk47iNOuphvuY0EGlQOBcSaZc9ihO483htd3TzWAeypI2JKw9p7Q%2B38Z847MrDcu4usJ91RSc00hDsKnStVRiBYrkjLM4iAUhDLrekZTw7B9Qhz%2BOpA7JiRvYhYqKPIUTlbOrMvS4nn5Fa%2FGCBM5AVLQDOyt2GgIvTv4FHE5QndmxC%2FoCIPPM41u5kUFv56H9WjbKZI4rz5Mxhne4WQeHu7ym%7Ctkp%3ABFBM5tGX57dh
, Pre-Owned,3.0 out of 5 stars.,$99.01,,https://www.ebay.com/itm/234846026316?epid=2114591218&hash=item36ade9fa4c:g:cjEAAOSw4LhjtKCB&amdata=enc%3AAQAHAAAA4BVHoCXFtZ%2BXDgC%2FukQp1bfBpIc4ksts%2BZ6zLjyYm4czGZ%2F6Tzw0G%2FA2c%2FpjyjVhiX5DfFpixb7CxnNr8dfZF6%2BiQedrPDQOsrlfGs3Jw7HZhP8lLkyKDkzZ8WFeTiUYez1UN2kABxD68DMB1QjkC3fHpvmfD0wdF8ag9gXpSQDUXOE66iSjkwBYLjfHOcCTE7AhjXftoxDepvbeQblWegyEqBDplVFbix7qe4RopC6qhjpRXKAHkBOx8AUpHMZMcHTC4iYQRWip5A10B1cjdyIiXcn3KhD2R%2FZlATkxhsVo%7Ctkp%3ABFBM5tGX57dh
, Pre-Owned,4.5 out of 5 stars.,$159.88,,https://www.ebay.com/itm/285085644179?epid=15038948160&hash=item42606db593:g:-SQAAOSwWr1jpbh3&amdata=enc%3AAQAHAAAA4Hnx4IEm4utKymdqKdtySmOceiV95KM5phRYwCHHaWqU2%2FTwaN2kuk9K59EkFRyl1ApLjrhIsQ%2BQoE9oCrywwe2gPL9zlhHeKyY8Ux9tkm4a%2FkxSwTbrhEZVHrhHAgoPc361p09KjUducidRQ%2FS3juNuGZkdVwWSrrn26EDYmnqTgM55vsqTBLJINwGdlxusAwAP7NWzzRuIm%2B5QmBabLLCuRENbBpUfRKhpAFN6Zvw1Gl0LE3BWeX4nSleWdVoMW6wJTDHjpngUMkwmdfIrMPvDDOVV44V4E5ohulajywhR%7Ctkp%3ABFBM5tGX57dh
, Brand New,,$136.65,,https://www.ebay.com/itm/164489568353?epid=28043519344&hash=item264c57a061:g:~90AAOSwDphfohdj&amdata=enc%3AAQAHAAAA4Etjfhq6bqLfb9nkFPLtfTb%2Flmt7Gwi3TJDgkRGxXcPnxL90RyRLnR4SIUTzAShK2QuL7IaJRw1XwJtJAW3gAm8gg301F4OKbfF42kisOqwbF9mDodYIrtuBWHgodUCbdlLQ8Efo4F3widYJrH1RmfUkl2y9R3F8UFXdpsNmgMUpqHuaguKiBrV5jxtmYU7GoJl13MoNLa4WdJ4Ah3680Cz7Rp0K%2Bt0NDbTdWe2fZaSsAgnJ9PJYyziNcCQYThURY8WnHKt1zzDoKhpzpo%2BNTTs31dZ9mjYZrvlgnPnWj2qV%7Ctkp%3ABk9SR-bRl-e3YQ
, Open Box,5.0 out of 5 stars.,$449.99,,https://www.ebay.com/itm/165884273276?epid=18040293941&hash=item269f79227c:g:a8sAAOSwantjs3O6&amdata=enc%3AAQAHAAAAoFDgAanmhfllFDL%2FJvHwru19938rZHkn5DwVrHShw4KaRMc3Gy%2BGKsdEi7Qgv00oGJMl%2Fmry2A2BwbL%2FJ6Lyjg7U14ix9xqtldcCO%2B%2B50aMGDLwglc%2BpiUGBi0y6aXhxfahQENfucYdHjG40BDtaQa3LVlUZQfbxBpFyakuzVK9yVcZFWUK9zKGrccC2EzdraYwthgAec%2F3zzrR%2BXGF8J68%3D%7Ctkp%3ABk9SR-bRl-e3YQ
, Open Box,4.0 out of 5 stars.,$56.00,,https://www.ebay.com/itm/404110302482?epid=5042098365&hash=item5e16d9dd12:g:WiwAAOSwh8djxVtf&amdata=enc%3AAQAHAAAAoFYotKP6511TLkPeW92t%2B7tz8jTsYkIJk%2BZPyOUWfvbUimAUoMYA8GNjh82r%2FSGblybsHU4aOJzRmMIf02wNsKt6nb3pKIau%2BWsaplXzHt%2FYjm5gO6W%2BtV6MgnqSUnbUoko4j3qNNVxuvXM6v4ajTJeXpbDz8gktzls6v5ZcUeeWE7K1p4m1d%2FtnwivHW7zZC1POyb1EgKNJ3ZUdbVHIjC8%3D%7Ctkp%3ABk9SR-jRl-e3YQ
, Open Box,4.0 out of 5 stars.,$36.00,,https://www.ebay.com/itm/404105610969?epid=27032781477&hash=item5e169246d9:g:UKsAAOSwYINjwaW7&amdata=enc%3AAQAHAAAAoDAHH%2FQe92oHKeNEbSzBLwx6WatJDLKGrOdpg2gG3BSnFrQ9OigNzqnpqCPtpno6COGKl5v3UVnYiHmQIvTPtzHeidx1FdBIe%2FiDo5s6sLfzm0U4cy3joLFgTYd7Prs2uz6FmA5WAT0Wseo6mbpIZkHKuZUmV%2BwlHQSOucOVFz9IT406wCGvP27bvkU9rXD19vVqOsyilCOhju1FHkYytk4%3D%7Ctkp%3ABk9SR-jRl-e3YQ
, Open Box,5.0 out of 5 stars.,$119.85,,https://www.ebay.com/itm/125723030386?epid=6008779453&hash=item1d45ad3372:g:urgAAOSw24Bjxge4&amdata=enc%3AAQAHAAAAoN3wXlcXrNQrrSzlv0TkjNr4I97Li1kTgk95kdRECMLx%2BH%2F3AIU0BGsEhndcL3lqNxYmZXpiT98HEab3moA1ry%2Brx%2FhkHrvnSSVUGgNrGthPRdg59tPxi0CDd9um0n49Fjv%2FBUey34W%2FYjISuTgJII6zQsxef7g9gws%2BMAHjoIiiJrYwhkHxpESLmCVtii68BxYUvlEJezy1TwppR%2Boo4S8%3D%7Ctkp%3ABk9SR-jRl-e3YQ
, Parts Only,5.0 out of 5 stars.,$299.88,,https://www.ebay.com/itm/255800681854?epid=25032703242&hash=item3b8ee8a57e:g:L0AAAOSw34pjOhmk&amdata=enc%3AAQAHAAAAoMI3Si3OJouF%2FVn8ruPr%2BfeSs9aEV4coWxlZLqRebdhx5LatuxpcNbK4W17VQWXcoWezNqMAA2hwTBa0CrSTUbDiXD3eFaXXYMOQPM2xUViWu6k5T1S5kk6eGf1hRv1%2Fa3vE%2Bxh2yCJfUf8f5MLjp87FI%2Bz6joXJ4BQcUSKA093VwtybR1B6XBgI%2B5yDiz88GR8ehhobESnwX7kn1TOnp%2Bs%3D%7Ctkp%3ABk9SR-jRl-e3YQ
, Open Box,4.5 out of 5 stars.,$189.95,,https://www.ebay.com/itm/125722875097?epid=10042311941&hash=item1d45aad4d9:g:XOYAAOSwtZljxeNc&amdata=enc%3AAQAHAAAAoDuCaewIfOHpxrPg4wybQC1sJ7vC8sx5CoMBXdAE8gLryDZMntQButrM1r0Qf17Z22lTWWPcEDfpN7Jst7P7ZzXAqA1rM2UXyi1lupInu9NZklC1qqZH%2BSfT9zfxgDgwHNHJF40e93NDTnBsEBid3jt3VRHnWLbDUBDdGtowoXap7ML9w9ZxeApW9PQwFU%2FfDa8uEAXFnDuu9x9r51vRtmc%3D%7Ctkp%3ABk9SR-jRl-e3YQ
, Pre-Owned,5.0 out of 5 stars.,$249.99,,https://www.ebay.com/itm/165709144372?epid=9031281405&hash=item269508e134:g:5TkAAOSw6D5jPLgB&amdata=enc%3AAQAHAAAA4LeWP4VA0DcMf6QVitll42LcavknTyUqfUPt2HeaemWYYRaN6lGQMFfBUFONc2CtvambijhRL6pCFX8YS5tj%2F%2Fh%2B6hXXRQvTEixqF67rzsi9VmUaW7l0hr31AmK5f463cNrSGtaqglTbAiVj1UmklWov4VdHUT%2F8t4wrsKBuh2UYScQqZkSb%2B8QtVhMBW%2FYlymZrHg9pwIJTe%2BGCh2LVkgizOVLPf8lP%2Fv6CytjRoB2T1u1IZ4Accag6jNclsED2UrkdIl8kOBwcz00coIbizXIaPJp5OgWq2b0aXqKkF6R7%7Ctkp%3ABk9SR-jRl-e3YQ
, Open Box,,$699.00,,https://www.ebay.com/itm/155357065328?hash=item242c00b070:g:V14AAOSwnINjwYU1&amdata=enc%3AAQAHAAAAoHkTI12XQ5E0miztBwat2wUidJkGlB9N74THzs5P%2BftlhGdHRQHzIaFbeuiwAk6GM%2BtnJB2m%2BlUf0Yio%2FuIfc%2B2zcuRaoNlfag%2Fh8VYddFAUn%2FrJGsTyaREUOtpFZedkEfoOLA%2BbnQ8TbUzcJ3zXOvxRJOyLssPF29eO2lOphcap3EbASE2IoUYc735Ql8R6RU%2FQ6rwx1c7iEd%2BEWDH3v5k%3D%7Ctkp%3ABk9SR-jRl-e3YQ
, Pre-Owned,4.0 out of 5 stars.,$61.00,,https://www.ebay.com/itm/225343160987?epid=14030646107&hash=item34777fc29b:g:P-4AAOSwhPtjvYqx&amdata=enc%3AAQAHAAAAoFIxQBZd%2BaFEiW41lpur2GvsHvt%2FY8pm%2BnHGs4QFQyw%2FuqFU%2Bk%2F18LrRFge60osMY%2BtUWMmWVIVTMu0Qw4dDnRMSbpaZN795px6uQ32ajNoucScqY2GHp%2B%2BAJCbh3MoyWqW0ooO1wGGnmHPdjHrLrWoqtTuQkXReDqDEIUo%2B08u52Qp8SaaVzEUJO98FOfD7J3KObv8XJb9yCE8IPAqRQl0%3D%7Ctkp%3ABk9SR-jRl-e3YQ
, Brand New,,$175.00,,https://www.ebay.com/itm/314309986408?hash=item492e55c868:g:SjsAAOSwLhBjucxe&amdata=enc%3AAQAHAAAA4JcnBCh0FP1X9BatfXbQvQ7xKIHj5rg9ZRdCvj3oTRPUG4yNp1QWBgfT%2Bt39HVfTqOK%2BjLpaXHg6Uumh2e8aZlqdX0448N6DI1NPfYnAh9kBvl9nqSUC8viaTItMfOG4GuKqOy2EMobZfzNtJFaJaYj8hu1BobaKRbOVYrlDnyYKVQhVrOPuq9tknXzTCe1gKt2anhvfRBgRQS3MC29h%2B9F2hP6lIhUQs2qQQF0HeKY1RxOJ%2B8Ta4OQS%2FvKwaPXWhbUNd2MOtOW1RUyoVSfGolATNBEsH0hF8J1ZiNUHlY2C%7Ctkp%3ABk9SR-jRl-e3YQ
, Open Box,,$499.99,,https://www.ebay.com/itm/404108643571?epid=19058314428&hash=item5e16c08cf3:g:rfgAAOSwdVhjxBaU&amdata=enc%3AAQAHAAAAoDLrrY0Mq00kDxLdFqyqoj80aVZxj4Vf21MdL6X1V9p5wK0unGSHBGFHHIv0toPTKmrfSr5oQL%2B%2Bim4T%2FvIIR%2FJipXX%2FyMVaEbluvL23ZbeGzAtu5g7cJHKdMU2eeC%2BVq3SsKooAHrz0P3YTop1pl25Cg3im%2FW9gvLs0CHIBxKxcWxdu5mSyh%2BmRQd4qItipbrSc2beMOzJXy6kjdoH5XYk%3D%7Ctkp%3ABk9SR-jRl-e3YQ
, Pre-Owned,5.0 out of 5 stars.,$349.99,,https://www.ebay.com/itm/115669258321?epid=9031281405&hash=item1aee6cd051:g:B7cAAOSwDJxjt0Ik&amdata=enc%3AAQAHAAAA4HfJF7Sl1P%2B4zVSDOlNJm7X%2FKLEHn17nl2rH6Y%2B0tKia7J0ccqXTmvIh8HJI9Lm0e7mXSLYNLolmHAj6fadD56gC%2FZJ9Sc4bfIn5zVThIY%2BHhIMMk5dIjx3uMS3S8qlv7MFfMIC6wSCgCRL88RY%2FtFyAAuTnlS217pV6LL6Q4qjM1dBmNef0aa2NEM6Ks%2F%2FpTsEsP85cLAbhVRxzyNFMFtP6MW2mJSVUCDA4OLfbaFyI2rNc7cbQrduTX4nxbG18S29VWMfVHojhClv%2FNsVgUDGKZWY%2FZj7DB2quMOQYcVAH%7Ctkp%3ABk9SR-jRl-e3YQ
, Brand New,,,,https://www.ebay.com/itm/144887518874?hash=item21bbf8169a:g:E2IAAOSwNt5jtrQL&amdata=enc%3AAQAHAAAA4MNNniKfkPCEmYTLWoSqJqbdPDoZvfAHg4EEZt%2FIn9jSNh3dhGmRfhyDq6W3z8oRhCBAV5BQc70JN%2Byo5Kew%2F3QmWBSQvt2bxzJfpMHweSRhz3V%2BLI2TX32OnZYIDdyPcJXtkcNlVXsF6gA8Gaedwevz6ldiNJYlKmmICKwxF8kqUujpbHey8woQrJ1CQIhMvBZ2jGgU71C2V2CJNmV1seyesuyDEbjHYzzXYXerDwI9bsWVs%2F3hqR0YwCA1pvur052Be%2FdGkOB%2F0v%2F6IR4Y4NT%2B42RQa8emWUNnPuXYIgvf%7Ctkp%3ABk9SR-jRl-e3YQ
, Brand New,5.0 out of 5 stars.,$229.95,,https://www.ebay.com/itm/155219978223?epid=27053579528&hash=item2423d4e7ef:g:06kAAOSw3ZVjVMBr&amdata=enc%3AAQAHAAAA4HWru0ua1te7Uzc3vMJ8UO8XDsdST2n1rGmGN%2FlNciEcC23qFzcwjuDMCoosNiOJ7tyx0aXdmxmvPWJAd64aHKjS5i0%2F68JqCpE17ZQczFEOpfPlAXi1rTcq29R8xCJyWHw1FpUXGWIH09mruGFS%2BNNlc6YA%2FD3RAR5tqew%2B92MnNaBzw63U2nRAc3G5ZUy8WJ%2FOoY4wZsn6VhSBh7xn6oRtT4mya9EoYbmokXhj0KfqEPuZt8v9IrY%2FCSHoWevFiK7%2BhQLyTtYdGEAOw3n78FprmdyWhUuBNZbTu0rNqu30%7Ctkp%3ABk9SR-rRl-e3YQ
, New (Other),,,,https://www.ebay.com/itm/385330788813?epid=4052552072&hash=item59b78139cd:g:jK8AAOSw~Z1jtJ1u&amdata=enc%3AAQAHAAAAoExqa3D448dCiimy82fyihsaLtSslYqK3OrAJ6J4pi2DWC9%2BoKmr1BJugZImvfEoJDmAjvkMC8i%2F1Orwau4BmsMjnUgA2PsszH5X13snSm0fji9fOw8pHszAAxC5ji1Q%2Bvx5dTZQVOkIV4YiykIoy9EphdHEyUiD635lXQ7DQsyMqed3qxfiuYxPC2hhISZGgTMtP7T84U2YVadABk8A7r4%3D%7Ctkp%3ABk9SR-rRl-e3YQ
, Pre-Owned,,$140.00,,https://www.ebay.com/itm/364092214074?epid=28043537550&hash=item54c5964b3a:g:rTEAAOSwpgFjq3kF&amdata=enc%3AAQAHAAAAoJmlMA4i79h%2FbJPiAL7n1YBJ1DwS7MSVYi2EBvNYanK4z8XqDaBSgCX5Xf6RtbDp%2Bz6h8elwTjotrwM78ianv3tWK4qyjSNWt0LH2g%2Be%2FPsu0BsyHPEGstDIBtUcOQYZKH6KH9%2FIW4JsiaZm822DWaLdSqb67jfk6zypo5ce1mCGQxtmGN2cyHkkg10ZMQ9bUQJwPVXtJ17X%2FPGVAwZ%2FBmI%3D%7Ctkp%3ABk9SR-rRl-e3YQ
, Pre-Owned,,$90.00,,https://www.ebay.com/itm/255926287889?epid=0&hash=item3b96653e11:g:DrsAAOSw3bNjwbak&amdata=enc%3AAQAHAAAAoDEKwNoQhZ%2Fp9N8ehwWjy0nqRYPdFq%2B9zshs5SK9L4RrxyFHHUFryw3HIAZHXz8mjfowH8cSGRb4WY6GE9eZPVACXchmVha15L%2BwKheUQFJ7%2BE8Gg%2BsmP1nAeYO2w9LriWKow9dKEGh%2Bwb6gIm4phXpnWr1pUFrQ9o1F7xlnDCVe2K5%2BYygzgSuCACJTtOIp7NDj%2FkBlyma6wtHBgdLGI4c%3D%7Ctkp%3ABk9SR-rRl-e3YQ
, Brand New,5.0 out of 5 stars.,$359.00,,https://www.ebay.com/itm/374456765304?epid=28041721181&hash=item572f5ccb78:g:UWIAAOSwhlJjwHrI&amdata=enc%3AAQAHAAAA4D6d%2FL5kc5Ll1Nj67c0ZRQlNTI%2Fxf%2FhD4ItQsNJPI24Y%2BcozmvkAUzno5C%2F7g%2F54CavmMD7rkQoIsYx%2BVUyozA5ilVxu2EB99kxkZjJmOvfHxWTMmm2fcNvYh6rkCFx1ZT76PGZdsOoe8VoohcQS4gLHvb4ijyIGc3o2kLSyf7mXEeoJtbR2%2FcZ22R%2FKfgqEvOXgtrBEpw2gpgHHY4%2BSRh2wgZ4Lp0MKzojxTXosGdy8YmykifsU3BSvDjhz4XW65TOfVynF25dzZHdJ6HrRgBfZyc6CYvwF0a3pAw0Kjh1I%7Ctkp%3ABk9SR-rRl-e3YQ
, Open Box,5.0 out of 5 stars.,$650.00,,https://www.ebay.com/itm/225339528534?epid=13049171781&hash=item3477485556:g:z9IAAOSw-NBjuywN&amdata=enc%3AAQAHAAAA4FQWjqAFiqtDGZqFcDrYWFDZ6f98y3nqAJ05V%2BaCrRhCY4vMvXKqZPEhiKII9UzKG449jCMCOAcWCN3IutsB20gFWKO6GjlXTHTd29wXDau%2FakxafxrZX%2BHI%2FwxkU0xMc0DLIvACy85NNglas2%2Bwou7owb%2Bp0iVMCgQoz91uJdlfse0yiJn2ZSUqIfuLsyfX5RE6vAr2eUnN%2BePsV7pHkS7EjbKjzrLyGBPHUrfYTKvRIA6gV4Ka0FQK%2FxB9SqBtOHpyjJ7pTWzP%2FNwUu1ltUhvRvtnsl%2BiLZVHZSqu%2BT2X5%7Ctkp%3ABk9SR-rRl-e3YQ
, Refurbished,,$279.99,,https://www.ebay.com/itm/125715436255?hash=item1d453952df:g:c1kAAOSw0GJjfO4c&amdata=enc%3AAQAHAAAA4EgBNGHyUM45pbP04gErqwArz6nvCaz5K8P%2BrPQLT9hZoIIUBcoz7dAgZRzDDRILCdBwdGYss4huzTN2AyFKLJXCiDVeQvb2pyWb9B3Exe%2F8bgLx0lV%2B6uvxswHJFBgGWVAzTVIgyPAz1af%2BLjvsk3nTup%2F%2F3rXLmJJfYWrmzM%2FCZxpNqtfqKkc4lLjMu%2BtxlYioOrQSzz1%2B6fYVYnUNPlIdop3%2FigPmSFfl7lpAMIQ0aXK4dBdueZHzLICLcr5dY%2FIUM7gHNGJFkbk88qqtr1k7nzW3k5UccqfhOiUW%2FpCv%7Ctkp%3ABk9SR-rRl-e3YQ
, New (Other),,,,https://www.ebay.com/itm/285109513409?hash=item4261d9ecc1:g:qYEAAOSwSKNjwxIq&amdata=enc%3AAQAHAAAAoDGAy8e66U%2FKDzXaqehQCurPvedpP8mUv2Y3xr7GZCaag5t%2FQYSWmgrP3RPAhd%2FbUSMm8GbAST8ApxbcG5DdcgRXr0Byomt66qSIwzgPOMuodnG8vQtcqyYrdtvlhnnpruPw0uTqcWqjxxG8uILRxs5gOoxX1IorFlC0p69ugEJQX6gqjio8QaLKSd%2FfDYyGdChHoFb06%2BO1NPt3O%2BysOdM%3D%7Ctkp%3ABk9SR-rRl-e3YQ
, Pre-Owned,,$123.00,,https://www.ebay.com/itm/285108127815?hash=item4261c4c847:g:GHoAAOSw6GljwYla&amdata=enc%3AAQAHAAAA4D4WjjIN24P4uW39bHfsWEkUr3Uz5UZeiLgN22fCv1YMIdo76jIhVc%2FoO%2FUtOgN%2FXb3hDBNndyvrIRvX%2FamRW12JFIrIWId7q30RCZrQDamaijCcaaOr588IFeL6E3CI1%2FTLR2FVGreMxCLf84hX7YpyJ%2BmTMdlrBel3jC3b7B5O%2FURY3FlTxwmin%2FwFTTUuj7C6qfKCYw4KcB6rylCx09AAuBJtuOf%2FH%2FBxgFnsqOEP0%2FGknDwU95dJ7nN%2FX%2BdQ30AWMngKnbIGLUCnMu%2Fyejy%2B4MSDbGmhCUBkGlqbdQYz%7Ctkp%3ABFBM6tGX57dh
, Open Box,,$299.99,,https://www.ebay.com/itm/125715434558?hash=item1d45394c3e:g:c1kAAOSw0GJjfO4c&amdata=enc%3AAQAHAAAA4Gu3CQOQWVlsXEauNjOLTx2yuVax2TvrvYHfsCu9vyWKN61uIRW5iz0phzNveqOtKK4tdpj3LimaZi93n72FHCSnRJiFytOR0pDsfj5fIU0x4JWZMa6hkU349M5HCXvFXGZgLDpeKlILJMawR29rTnTUvoiheFo%2F%2FjRw6RP%2FvFZqVJwoW%2F39SSS4b%2Fz9dP1Vtor46uGu0VvU7nD7rT4fkEz7ywCMkEGjyGhxtVUrtDsCAcT%2B%2B%2BvLQ%2Fopx%2BIRKO76zlKk%2BdXv2XDIqwE51%2F4%2F6wh7Yutyo0Rf0n%2BpPt05Zr3p%7Ctkp%3ABFBM6tGX57dh
, Refurbished,5.0 out of 5 stars.,$139.99,$199.99,https://www.ebay.com/itm/265553987613?epid=22032298220&hash=item3dd440481d:g:uIEAAOSwtS5iDkTV&amdata=enc%3AAQAHAAAAoO7LMX55%2BDMdHRCg0tvvNiCZqA2XcbuqsbYLXOQACBU3bVw0Xbtbqm7loJvTSgQC1QXgn5q1d2srRsrEPyjhdFmecC3b3l7LCWrMG0IsnyPNj9FRaVunq%2FXCVqbthF54WFQ%2Bm9qKPdY3jfpOR%2B9jw8GLcOkwijgYCE5RlhR60PadmeWiEdrxDv3wO7j3JYYHZOC%2FWkm7oVTMkAS20SABwJw%3D%7Ctkp%3ABk9SR-rRl-e3YQ
, Brand New,5.0 out of 5 stars.,$169.99,$229.99,https://www.ebay.com/itm/195064340525?epid=224719905&hash=item2d6abda02d:g:0PUAAOSwSohihRv-&amdata=enc%3AAQAHAAAAoBLXvodI0SPZOr3Zmss5GG4A555qQ%2BJSgqJWD8ElTvcT0%2BdmHrhfe0%2BpKvId1JMbN5jkWk4jJ%2BYgBCQ17ebHvm1W%2BWehJikUN189jmo4%2BS%2FV6CDJGvFIga87UfO4eWqfqEZYVe3bjV2AjU%2F4%2BpPM9oU%2Fd165hbINOZ35%2BZ4Z%2BqsKcQnC6WmTnrKeRFDiz4BttQNH79Axl03kCkZrTE%2BqFtQ%3D%7Ctkp%3ABk9SR-zRl-e3YQ
, Pre-Owned,5.0 out of 5 stars.,$800.00,,https://www.ebay.com/itm/225320710670?epid=4043323333&hash=item347629320e:g:i4MAAOSwwoxjq8PK&amdata=enc%3AAQAHAAAAoLj0D5YCXajBk8htEQ%2Fb0wGdJolqMYYYVvsz5nr0LcSBtpiMIF27y8rBdmwRX4eODcTO3q6axqoJGz2FL4WdYbZycE7nOZaKTszgAIusZAwCtdIIGAlKXZOcI4hmzKK0ip%2Fdk0E6Bugr62uy2GWcE90N4RAAE69O1%2FbmwW95obhobBHfmFKF3Aavkgvh%2FofDcuSZFNUn%2BHjChnxETmIh2RA%3D%7Ctkp%3ABk9SR-zRl-e3YQ
, Open Box,,$50.00,,https://www.ebay.com/itm/285098715702?hash=item4261352a36:g:wvIAAOSwCYNjcwWo&amdata=enc%3AAQAHAAAA4AFHBw%2F3gkIyE5%2BGpGpzhAdTfJvOs4Cauu1lqVsZoR8zU%2Fc2YzTU49N02Hs2d2TmomTFkOrekhIcSD8nFa9HlwoqyebfU4V8%2FM3kGk0LDFBTCTBBVufOU3xZ2Tj%2B1c7Imh9rYdYuvybgTBr8sWo07NhmHNaQ%2B%2FoNCdAMcYydb50epi7DyAbS7aZbRhoTcwWj1ElKm2SEEGqnBTSenu9jxDUpTGsJh9Z5tsj6Wg27zLnsWdI5xUmOiCWGeJCzFkzolfaL8fL39mIwCH73es%2BQ7DGgjbPWhOrFXgM%2F8Z0lXH6H%7Ctkp%3ABk9SR-zRl-e3YQ
, Brand New,,$425.00,,https://www.ebay.com/itm/144845312152?epid=16044666444&hash=item21b9741098:g:YigAAOSw9txjrhYM&amdata=enc%3AAQAHAAAAoMrzPefw5TuTN7J1Q5Vc6zko8lLxpagXoUlSnUis0ZcvJuMwE42ojNjf%2FYkpr1naV5REN0%2BW92v%2FUDzZKyz%2B7p21sJRiMix91qZitWJ8Sj2Wd8u25lghrkQqBGi%2B3gDi4FMHXGEkAMFyHnCZZmVNhtsgQRDKYJKpG3tXZ3Axwxawlz7V9hSKYXJQLRWNkEeIk%2BW9Zks7OLjMy0lkyBbiowc%3D%7Ctkp%3ABk9SR-zRl-e3YQ
, Parts Only,,$99.99,,https://www.ebay.com/itm/125515941663?hash=item1d3955471f:g:ZpoAAOSwY1tjJJB8&amdata=enc%3AAQAHAAAAoJMnBdHgJkAO65nKhpx%2FHSoQKVwwpQKMN2Ai886XZkPNSmlDtLWhxST4SRwGW8tln%2BW7jaVGCTAWH8ux24mBJgFclnUJF03wjgfTLz3xXPQsvB8C3gjwJy61THFAivZW7FCssyDhnt%2F0h1sTjkjQBCFeArKs8OSDRXdzwHpNyO5VYGL6TDmxRTApqWWT9M7%2BtBriA2z7NPKpD7FN5eT5g5U%3D%7Ctkp%3ABk9SR-zRl-e3YQ
, Open Box,,$269.99,,https://www.ebay.com/itm/125668206333?hash=item1d4268a6fd:g:NbQAAOSw0sNjnVgt&amdata=enc%3AAQAHAAAAoIjoIjvQJBQ0FgOysJGA3TJUjKe%2BUOsxr3XOGk9TW75B6txw%2B4g97ZQ7Df6hJHSJFpWLp9OdNsA29wGeVUrDeouS4gjFYHoH4gdbK52GfpAAnJtPIS4cz2rCyoSL%2F4o7HILFT1g97f0cHaXx86wEqeEx5rPwy0ZJpIcqIli7o1Hen08PEgsAIJ1UXKR%2BoYxDR5SP1JZXoAC7a2T1o4rikSs%3D%7Ctkp%3ABk9SR-zRl-e3YQ
, Pre-Owned,,$119.00,,https://www.ebay.com/itm/295466166601?hash=item44cb27e949:g:J~kAAOSwWNdjngGV&amdata=enc%3AAQAHAAAA4O3isvmAsNHvndSm69FmMB%2BiG48%2FPV08KdVDuIi8u7jU63uMQOaclY87UQUdspFkvpSq%2BGThGO6bWs6BLKjJTbAuKrArsAdbX5Dh4d3lnnWPMonruX4nleolJPTFZ5KW9EaAuki%2BOfBeMtjQcZFIG1DA43zXF51SooCWQP5xCiiH7XopAwqlD%2FQEFYFf3NOwESFrmFZP4hnq%2F8EoP0vo3RS5pUWJQn0c%2F1rwwEki%2Bd8a2VERGCFIfEQSyTmjwC7jwYX%2FLfoKfiPySLew8T6CzGcEXWCjiCxPCeAHMKQ2Icm0%7Ctkp%3ABk9SR-zRl-e3YQ
, Brand New,,,,https://www.ebay.com/itm/385339106088?hash=item59b8002328:g:3pkAAOSwn35jubol&amdata=enc%3AAQAHAAAAoPxQL%2FJ2zHw1oHJaK5dgmy4Xp4cjR%2FFXCiK74IwmXZKuR44y1epmZaS9tQL3WMAfLoexqES4QHXd%2BliBkAr0slayfQuAthocQ1hUbUb0b7RUGWnOkG5vkjdKxMo8zDswbRa01b%2FRk61BX6BIkY3hwKGjYNovdLs6ObCmaPhRxBErVDgyqbzFGbyDTi%2FY5ZU6m2thSBbTCf0DxyN1Xz57C%2Bw%3D%7Ctkp%3ABk9SR-zRl-e3YQ
, Brand New,4.0 out of 5 stars.,$144.95,,https://www.ebay.com/itm/285104786465?epid=27032781477&hash=item426191cc21:g:4bIAAOSw0AZjxDA4&amdata=enc%3AAQAHAAAAoAhmi%2BAAMhmYE4QwwJFFsem0P3qETNHSXOj9gsm2ceSE6NlqhwpbRwEytNfSlVDgB%2B%2BwWfdbvxG6lg542983e4kiHKfQz3mhNvTgSC3FUAoSiQcKrpPuV0qKryPPv1ibpcOdWUQPIdgde0RP5YOY5EkuFEFCl1c1iCqo0SwGf4uHy0rGOOOKm4g4eir1DIJVdxgtvyQ08xngMaObrrztUy8%3D%7Ctkp%3ABk9SR-zRl-e3YQ
, Brand New,,$502.23$746.60,,https://www.ebay.com/itm/115037412639?hash=item1ac8c39d1f:g:yeQAAOSw9KZhYUbt&amdata=enc%3AAQAHAAAA4LDTZ5q11wXqO43GIrvKjPZK99NbhHX5ATcxTtC1aO6ooNbdPzJg89JmgiliKltk57TQsVrsL%2Fh2t3JRAn7xfS0av3yM%2BWdLpV%2FBeGQILIWZIzFjVFrKuwdPGHdOoaONOTKpSKpY3v6dWWY4e94lWEQlVF4U4Op704C6%2FE4OIoNNneHoSlJ5lEJ9rGjcmVvl9eB747DfT5ToWJim1KLfa1lAQZ6mQz37hnC1c6jdtGHUw4BgzBVlU%2FzMADkMj0o%2BL1F9E75f4q3ooV1YsnVKedbZG3ygpeXvIDodDyVdjbta%7Ctkp%3ABk9SR-zRl-e3YQ
, Parts Only,4.5 out of 5 stars.,$129.00,,https://www.ebay.com/itm/234855046713?epid=238258751&hash=item36ae739e39:g:IbAAAOSwiDxjvZhr&amdata=enc%3AAQAHAAAAoGKX5ZukId07vDt4ijVI5MXuNZ%2FLJSMgXzJ%2Fhzs47%2FkVbdUSo4p5fLdk9tagmNy9UWFjGAbIIh2fF9LuGtUP6fS2jCeMb%2BF08qaanU9V6YnIYmTxX4oy6nzdNQVXp%2BX%2FiRDKectRxS%2FVEkr8femlXP1tqazS2v8%2FtGZgr7FGVHHPn53zeblKJ5EWiCKlrI5Pm4hjIRi54MmFgtRgphfOxfI%3D%7Ctkp%3ABk9SR-zRl-e3YQ
, Pre-Owned,,$350.00,,https://www.ebay.com/itm/144900118534?hash=item21bcb85806:g:thAAAOSwsM1jgXYg&amdata=enc%3AAQAHAAAA4Ea2zEAFlZ749Sm2obKgqnFXjppqCcDaqi%2F81aD9TImMph6cSDFaHsiHOFiDUyqxcqaCyY3bYh%2BLqObT7YwVYkJDpB4i8a%2B3jwnGz6tfvrS29fkBX9euHl%2FNmtC447Qv2JUzrPaPkYGjD5d6wDeJVr3HVSwGvplqSlAsrMrmLhWJEsD8syL1mFjpKOL9cWeRcJfjtgdxOD6xHRvY1ioVQGGoggLMrubKxIsD6RRZFLFyh1Nemh%2FSc1N8zNCX5fOKVAwC%2F8rcR94HFzOEVsRLUZhSiVZqSNhaF9ahOHQ1Hsew%7Ctkp%3ABk9SR-7Rl-e3YQ
, Open Box,,$168.16,,https://www.ebay.com/itm/404105488094?epid=26042467232&hash=item5e169066de:g:eD8AAOSw~RNjsw-o&amdata=enc%3AAQAHAAAAoKmD%2BUeIdTH3DhLgrunpcnh%2BxnE%2Bo4xjTJzYImJg%2Bytmh%2BsOnzWUSPlW%2F2RamWf%2BStyXIg%2BnWz%2BEzCuf6E%2BCcV07cWxYIg5WOj5s1vZ3px5hk%2BM0%2B9%2B4pocWqyhMXZZf624ZaX%2FZLK9fBtUP6bf%2B0sLD8cKDk8CRqmQyGQInOxDjMBF8xnmOAbWoXUQGVBaLrA0qy0VfpFSXsUnuLRquLWs%3D%7Ctkp%3ABk9SR-7Rl-e3YQ
, Parts Only,,$135.00,,https://www.ebay.com/itm/125142975671?hash=item1d231a44b7:g:474AAOSwRZJiBaji&amdata=enc%3AAQAHAAAA4CtfnOmV9vzLfPxThdQOjOiEuCy%2FwxF%2BU8Fn7vEMbMZdDGSbO7iyB1jhBRycKE9CVNzN6vdSfGIcnZaE2hGbY5%2FVUzxe%2FZuWejqZWmRvD2McsDDmiB%2B7ATo0pahgcS1o%2FcyyqM7f0Wfntoj2SRLcONknjNfodPmMIGPboZWEBOKfetZFJ%2FPBJj1li%2FX7xKNUfxXOz99opy2xEnx7jkVOJmAJgmID%2Fv1MqAoNTGJqMIlOAFUQ7GhhnpLGrtPgplsI2ve3NY7KRWxWZxoPA0nosrU6ztaJ03vQuk8yeP6ys63v%7Ctkp%3ABk9SR-7Rl-e3YQ
, Pre-Owned,4.0 out of 5 stars.,$199.95,,https://www.ebay.com/itm/134406497445?epid=23035276956&hash=item1f4b4064a5:g:DrUAAOSwDRVjvEwo&amdata=enc%3AAQAHAAAAoJxvDiZVQ6TW57fl%2Fnde%2Bf7Ahk21uSeZ%2FgwNFIjhESBtG02bASnBQrKvQ9nvlHe2B0lWOLuMYfZlPHrTtV13eNXTmYGtyxpzTTDQYfS7LKOqzgokqN4r3Cq2zUky9C52YlNkX9BhjxFt8TnG6EwyTJoOtQorhhUJWEZgCCQwxUFw5I%2B86rC63Nm2AimBwnMX97Yzq97ky3eBwMomoLlxO9E%3D%7Ctkp%3ABk9SR-7Rl-e3YQ
, Pre-Owned,4.5 out of 5 stars.,$250.00$325.00,,https://www.ebay.com/itm/325499527074?epid=8034511449&hash=item4bc9489fa2:g:-tQAAOSwwYVjujXU&amdata=enc%3AAQAHAAAAoKPsNNFS83ALYJ4XAc29Cac4WX9LA63eocOgIgjLsbtt7PjaCjB%2BAlojPxDV%2BSW5usqV95DdSxtBTYtf9NuqQac9P0a26ZbSXeIumxQcIyj9pWaY4CZYWvCm4bWyTvSkE0kagW0JPn1Pn9tmAAlySTlSlbXn1MAVDWZNBhCMGOlUHcSJOHsMy63w7EvpfzfOcUijZnbxejNLCm9M2yCbTjQ%3D%7Ctkp%3ABk9SR-7Rl-e3YQ
, Parts Only,5.0 out of 5 stars.,$25.00,,https://www.ebay.com/itm/165883981190?epid=11036085402&hash=item269f74ad86:g:tD8AAOSwkF5jkM3C&amdata=enc%3AAQAHAAAAoD6CrtzY%2FHNsjyAQDScs0zHPFHMm04OmbY6EaxlY4HOJZbiWp2OuIJmqRr8L3e8GXrbrG5NvN%2FiRJIzScyNcs%2BRycnIstGAj%2FwOnVAe4nBZ66aVqiJjA%2Fiw2qn6j6ybqy4GNm0Z3ag0A8VqQ0GZSHoe4drcheJfiCwZ6hhhNbV9msQfobchtueDwbHwB3yuobTM6ga2yxlA6D1rNFySMWiA%3D%7Ctkp%3ABk9SR-7Rl-e3YQ
, Pre-Owned,,$150.00,,https://www.ebay.com/itm/185726103586?epid=11047132130&hash=item2b3e237022:g:7WwAAOSw3StjrNvw&amdata=enc%3AAQAHAAAAoKa9zu4ZGO3T6AWIDeGTp%2F7vJgvibcJOKKh%2FoDGj%2FxVXoGVDM%2Faq5h2EDG2KZEu5gAfJSleZGB9oXq8xQA5fHavFGxwlxNihm1SOzcsjDUjfGyko8gBP4GvU2mwuC9nSVWL%2BJSnwnSyGhVUgo5NhbaYYU00o9QYvnPjk%2FqHEGY%2Bo4%2BrLoUiZ96ozt29aCp546J88xuF3Ar4xv0u92rJG3l8%3D%7Ctkp%3ABk9SR-7Rl-e3YQ
, Parts Only,,$25.00,,https://www.ebay.com/itm/175575213072?hash=item28e1192410:g:sSsAAOSw~o5jlsUE&amdata=enc%3AAQAHAAAAoBV8SFYPyEIUFoSsw7zwKDx%2FZpGJi3iJGvJXiSiACJRGJWhWZWzDXIG2GcSe%2BuclhO9evOQkLDNakesoK55NFGA1Qp1oSuia%2BUkRrpWKqDI1m1n%2FIT9vG7B0Xd37hAgFuIY1YnIvt6AxfKWmMQ0uyW%2BmaQGkZfMRgWel2zB1YznPEUh3So%2Fmc9YDUk6JOQD9wS02TmJCnqZUResTL5%2B8CeQ%3D%7Ctkp%3ABk9SR-7Rl-e3YQ
, Pre-Owned,,$149.99,,https://www.ebay.com/itm/295449718944?hash=item44ca2cf0a0:g:45EAAOSw~I5jsE0o&amdata=enc%3AAQAHAAAAoNCeqKfw0gt9tSAroklvWAfV%2BCulXtdAXOZ5aLZ3xHYbSR9rnpyeQHje0Gi%2Bvr40eGghbgPURXcs%2Bd9xK4gMlCo5Vh1ZhltKvXhNH9aO%2B0YrBmtc75cGx3m%2FVwSXG9tQVDXxm7lZP3CsDKqLiX08C6s13aHk1qozt7piyH%2FWdCLAf4FWxlvemUupo41gv9z%2BE78eogrhiHjKj1OSC%2BsIOKY%3D%7Ctkp%3ABk9SR-7Rl-e3YQ
, Pre-Owned,5.0 out of 5 stars.,$600.00,,https://www.ebay.com/itm/195543598332?epid=22038391588&hash=item2d874e84fc:g:K9kAAOSwk6BjtE0m&amdata=enc%3AAQAHAAAAoJGtt12jl%2BAKhtCCTRHEWPiMIYoHaKsXnAvfmGdgulGlJMnqehsWTl2HWKvDyJyqCcnKF9yzMALTGPbgNY7ki%2FietNF6s%2Bok02e6Gd2nhqn3EnjERMmmLGYffghAp6%2FPe5tNCWgYS8CxwGu5AoTujXJtQ2CLmyLNGQaZZxad51lh7tIhhDcZxsKTLT7QFx2kAWUJ33E3paG7xn2xU3JOZoE%3D%7Ctkp%3ABk9SR-7Rl-e3YQ
, Pre-Owned,4.5 out of 5 stars.,$279.99,,https://www.ebay.com/itm/115671379530?epid=18039720073&hash=item1aee8d2e4a:g:Du8AAOSwZQ1jnpfS&amdata=enc%3AAQAHAAAAoPLhZBWMJJs6O07cKGxWrqvIqIPs9ZsHZvP%2FG7wxBvAilB9uRYIulFwZ1h6QQ7uOnj0fGdk0DDCLEnvQTTaXVelJE8PyXOIpDe2zAE8mjM9%2Fi3kL4Yu7ZmCN27AmaSuxf2krbX8a5Q5dyzVMo3JSrdoqEZnED%2BO6JjvFEtKoyfuPeRL%2B%2F6jqJnMq4EtiYGy08%2Fiw7urRs9mw3GWK9zHA14U%3D%7Ctkp%3ABk9SR-7Rl-e3YQ
, Pre-Owned,5.0 out of 5 stars.,,,https://www.ebay.com/itm/275599463259?epid=20032167428&hash=item402b02135b:g:zWcAAOSw~09jr4IN&amdata=enc%3AAQAHAAAAoGbftzbw%2FFe7ZN9uIt%2FZvMI8BQzZdppx0ug5VNR7ga67BRY8sHkifzc1a02FiZN0rcostZTgZjN3A6uvZCp4gtfFKInIw04TcMgGp2qVWyOmmQ7bZaUsNIEzo0i0vULojPyd7nyybQeedu0%2BX2ZnDZEEs%2BQ2ujGs3afCCUhF1YAb27VU6V2Y2%2Bl5GPMFhMY2d%2FJNKhiUi8n0E8fGZofsfOE%3D%7Ctkp%3ABk9SR-7Rl-e3YQ
, Parts Only,,$200.00,,https://www.ebay.com/itm/165883981181?hash=item269f74ad7d:g:lDIAAOSwEAtjkh3j&amdata=enc%3AAQAHAAAAoPTNjdrdOq3Xwfq%2FzHrdW301%2BePLBfXo7o4plJc00iIRI%2FZrLMgfZPQ%2FzZUfG2rmRJqZyvcsyP7PTRqELurA69of%2FNpXi%2FOeovqWT7%2FUwf86HAtPYJSgpfnZ%2BTb7L40931UrqV06pYrcgEMoornkc59dBOO4Oq9hk6xjMsiB4ipzSbE2rDwngVzdziWQPdV1LieBwM%2BU0IPNOr%2Fwa0k9oQQ%3D%7Ctkp%3ABk9SR_DRl-e3YQ
, Parts Only,,,,https://www.ebay.com/itm/234741999115?hash=item36a7b6a60b:g:qPcAAOSwD9VjUDEh&amdata=enc%3AAQAHAAAAoCFuIFZs5hSma7rtP5%2FU8rn9aIyWjbWXcrjHk9ytZtJyJRDbqzVReqVuwRftG6MbNg9QCSCkCdAAzMpaTSTtAPVua9CSeWLe7PccwpKuVpKvf9bVVbr7z4oc0mx1FX5Ty4qFJB3Pd4J0dcYiuCZELOoxSLA0rmgtHKFixKwp%2FzsiMNvc5dENC2uj4eo2jB8zyJmhPsTEFjZYFPsD9xE%2Fc18%3D%7Ctkp%3ABk9SR_DRl-e3YQ
, Open Box,5.0 out of 5 stars.,$869.99,,https://www.ebay.com/itm/125178060724?epid=2313258397&hash=item1d25319fb4:g:VgoAAOSwoN5iH5Ei&amdata=enc%3AAQAHAAAAoDcP9my%2ByPlDKKCn6xe2KRxi%2F1VpQHaJj8IfWvlCpOXiZ90b%2FqHlrXnjCYdI9AE6ef2Fwji1aq5uCImfwwdryU43wFVYC8lxkmhVwCtChHNSAdo9%2FlZClFvUMMhI27091bGZnVufDd5VBrjojZMcUiMTl4tL4Cj%2Bt9EyKw6M6cka%2FN2GgUeKN%2FM%2F3gOfooBqh2TlYQEuOwSSbNYQ3G9%2BNxk%3D%7Ctkp%3ABk9SR_DRl-e3YQ
, Open Box,,$189.00,,https://www.ebay.com/itm/295465026597?hash=item44cb168425:g:h80AAOSwI7tjvO17&amdata=enc%3AAQAHAAAA4J5AlN%2BXMmtLNRFyvXDQKr4Mi3xA%2BZITbi57QxOTjbFYTw2eWQpdo1yU7dLKrkbH1OIzphRQrgq3i5ZRdJAc3DgwqgOH6QIE4OxusuTJvxW3IAo0f7T8QqmodxdADcQwKlTzih9evcbk95benCPaSXLraTsY4XUto7cAgVg9qi%2FAKgT2i04XPj7LcE28f4TIiBNjnTRstnOYIJJVJ4HOjqwvsVaxfcfGoFle0i3m6hDqiNW2j9QEdb2pknOXWc1NT488BqHtjbGNzqdqhk36ZveAau91Zl7%2FsNzft2W0uceB%7Ctkp%3ABk9SR_DRl-e3YQ
, Refurbished,5.0 out of 5 stars.,$28.72,,https://www.ebay.com/itm/402794669779?epid=22035960108&hash=item5dc86ee6d3:g:KzkAAOSwXWZgt-H8&amdata=enc%3AAQAHAAAA4D%2BcyDKgXerdxcL9ekBfBOthCKYuJxJmwLwkTC0Up%2FhKllyxAUmZ%2Bt1X8yz5NYzuWt7EDo6OQ7YePCErMKYNuEdmvJ96wFBU9OuVdPxrkmLIBwVHxZ1CQmVgUeXVTRwPzGTuhpMseYQWyzDOd8KIANmLzOSSLmukru5U9tcRHlr38HX4UV1dqTccM8qm3XRHbQPvz903Cx8sPZvPKWCs1eY1lKcwkVuiAzXrSBxk8P6G%2BMECb87LnRMPMwpixN1xhvG6U%2FyLy5cy1kDkOVHKAxjRdw60ubRCFIsfPtUULDB6%7Ctkp%3ABFBM8NGX57dh
, Parts Only,4.5 out of 5 stars.,$80.39,,https://www.ebay.com/itm/234803975361?epid=3031296927&hash=item36ab6854c1:g:HdQAAOSwyytjiaPi&amdata=enc%3AAQAHAAAA4He3gbaa12RrySPDORY%2FYv3z3xJ5rXhncWj0gfJRD69VqyjfS9KMMh15ztzUdqcyvG0Ue27jchsjqmPPIVpF0P1H4STP7gxzkaEr3kKyuuPZEm7KOBRtm2LzmF0eI0PV4cmSzv0TD7%2BrdTJWR0R4yxMiJqXPuIctv%2Fgogkij3bZUWEAw6xdROCuyga1DjqFGjNPpT3wyX4gBjYqVs8d06JuBnJAlEVU4us%2FaTa97jMyByfxFSIOOTNZ%2Fe5yj0kLZXO3L3c1h7ULag5eI1LT54r%2BWeh%2FlY3RePnOffu94jBTo%7Ctkp%3ABFBM8NGX57dh
